{
    "@context": [
        "http://www.w3.org/ns/td",
        "https://w3c.github.io/wot-discovery/context/discovery-context.jsonld"
    ],
    "@type": "ThingDirectory",
    "title": "WoT Hive directory",
    "securityDefinitions": { "nosec_sc": { "scheme": "nosec" }},
    "security": "nosec_sc",
    "properties": {
        "things": {
            "description": "Retrieve all Thing Descriptions",
            "uriVariables": {
                "offset": {
                    "title": "Number of TDs to skip before the page",
                    "type": "number",
                    "default": 0
                },
                "limit": {
                    "title": "Number of TDs in a page",
                    "type": "number"
                },
                "sort_by": {
                    "title": "Comparator TD attribute for collection sorting",
                    "type": "string",
                    "default": "id"
                },
                "sort_order": {
                    "title": "Sorting order",
                    "type": "string",
                    "enum": ["asc", "desc"],
                    "default": "asc"
                }
            },
            "forms": [
                {
                    "href": "/api/things{?offset,limit,sort_by,sort_order}",
                    "htv:methodName": "GET",
                    "response": {
                        "description": "Success response",
                        "htv:statusCodeValue": 200,
                        "contentType": "application/ld+json",
                        "htv:headers": [
                            {
                                "htv:fieldName": "Link"
                            }
                        ]
                    },
                    "additionalResponses": [
                        {
                            "description": "Invalid query arguments",
                            "contentType": "application/problem+json",
                            "htv:statusCodeValue": 400
                        }
                    ],
                    "scopes": "readAll"
                }
            ]
        }
    },
    "actions": {
        "createThing": {
            "description": "Create a Thing Description",
            "uriVariables": {
                "id": {
                    "@type": "ThingID",
                    "title": "Thing Description ID",
                    "type": "string",
                    "format": "iri-reference"
                }
            },
            "forms": [
                {
                    "href": "/api/things/{id}",
                    "htv:methodName": "PUT",
                    "contentType": "application/td+json",
                    "response": {
                        "description": "Success response",
                        "htv:statusCodeValue": 201
                    },
                    "additionalResponses": [
                        {
                            "description": "Invalid serialization or TD",
                            "contentType": "application/problem+json",
                            "htv:statusCodeValue": 400
                        }
                    ],
                    "scopes": "write"
                }
            ]
        },
        "createAnonymousThing": {
            "description": "Create an anonymous Thing Description",
            "forms": [
                {
                    "href": "/api/things",
                    "htv:methodName": "POST",
                    "contentType": "application/td+json",
                    "response": {
                        "description": "Success response including the system-generated URI",
                        "htv:headers": [
                            {
                                "description": "System-generated URI",
                                "htv:fieldName": "Location"
                            }
                        ],
                        "htv:statusCodeValue": 201
                    },
                    "additionalResponses": [
                        {
                            "description": "Invalid serialization or TD",
                            "contentType": "application/problem+json",
                            "htv:statusCodeValue": 400
                        }
                    ],
                    "scopes": "write"
                }
            ]
        },
        "retrieveThing": {
            "description": "Retrieve a Thing Description",
            "uriVariables": {
                "id": {
                    "@type": "ThingID",
                    "title": "Thing Description ID",
                    "type": "string",
                    "format": "iri-reference"
                }
            },
            "safe": true,
            "idempotent": true,
            "forms": [
                {
                    "href": "/api/things/{id}",
                    "htv:methodName": "GET",
                    "response": {
                        "description": "Success response",
                        "htv:statusCodeValue": 200,
                        "contentType": "application/td+json"
                    },
                    "additionalResponses": [
                        {
                            "description": "TD with the given id not found",
                            "contentType": "application/problem+json",
                            "htv:statusCodeValue": 404
                        }
                    ],
                    "scopes": "read"
                }
            ]
        },
        "updateThing": {
            "description": "Update a Thing Description",
            "uriVariables": {
                "id": {
                    "@type": "ThingID",
                    "title": "Thing Description ID",
                    "type": "string",
                    "format": "iri-reference"
                }
            },
            "forms": [
                {
                    "href": "/api/things/{id}",
                    "htv:methodName": "PUT",
                    "contentType": "application/td+json",
                    "response": {
                        "description": "Success response",
                        "htv:statusCodeValue": 204
                    },
                    "additionalResponses": [
                        {
                            "description": "Invalid serialization or TD",
                            "contentType": "application/problem+json",
                            "htv:statusCodeValue": 400
                        }
                    ],
                    "scopes": "write"
                }
            ]
        },
        "partiallyUpdateThing": {
            "description": "Partially update a Thing Description",
            "uriVariables": {
                "id": {
                    "@type": "ThingID",
                    "title": "Thing Description ID",
                    "type": "string",
                    "format": "iri-reference"
                }
            },
            "forms": [
                {
                    "href": "/api/things/{id}",
                    "htv:methodName": "PATCH",
                    "contentType": "application/merge-patch+json",
                    "response": {
                        "description": "Success response",
                        "htv:statusCodeValue": 204
                    },
                    "additionalResponses": [
                        {
                            "description": "Invalid serialization or TD",
                            "contentType": "application/problem+json",
                            "htv:statusCodeValue": 400
                        },
                        {
                            "description": "TD with the given id not found",
                            "contentType": "application/problem+json",
                            "htv:statusCodeValue": 404
                        }
                    ],
                    "scopes": "write"
                }
            ]
        },
        "deleteThing": {
            "description": "Delete a Thing Description",
            "uriVariables": {
                "id": {
                    "@type": "ThingID",
                    "title": "Thing Description ID",
                    "type": "string",
                    "format": "iri-reference"
                }
            },
            "forms": [
                {
                    "href": "/api/things/{id}",
                    "htv:methodName": "DELETE",
                    "response": {
                        "description": "Success response",
                        "htv:statusCodeValue": 204
                    },
                    "additionalResponses": [
                        {
                            "description": "TD with the given id not found",
                            "contentType": "application/problem+json",
                            "htv:statusCodeValue": 404
                        }
                    ],
                    "scopes": "write"
                }
            ]
        },
        "searchJSONPath": {
            "description": "JSONPath syntactic search",
            "uriVariables": {
                "query": {
                    "title": "A valid JSONPath expression",
                    "type": "string"
                }
            },
            "safe": true,
            "idempotent": true,
            "forms": [
                {
                    "href": "/search/jsonpath?query={query}",
                    "htv:methodName": "GET",
                    "response": {
                        "description": "Success response",
                        "contentType": "application/json",
                        "htv:statusCodeValue": 200
                    },
                    "additionalResponses": [
                        {
                            "description": "JSONPath expression not provided or contains syntax errors",
                            "contentType": "application/problem+json",
                            "htv:statusCodeValue": 400
                        }
                    ],
                    "scopes": "search"
                }
            ]
        },
        "searchXPath": {
            "description": "XPath syntactic search",
            "uriVariables": {
                "query": {
                    "title": "A valid XPath expression",
                    "type": "string"
                }
            },
            "safe": true,
            "idempotent": true,
            "forms": [
                {
                    "href": "/search/xpath?query={query}",
                    "htv:methodName": "GET",
                    "response": {
                        "description": "Success response",
                        "contentType": "application/json",
                        "htv:statusCodeValue": 200
                    },
                    "additionalResponses": [
                        {
                            "description": "XPath expression not provided or contains syntax errors",
                            "contentType": "application/problem+json",
                            "htv:statusCodeValue": 400
                        }
                    ],
                    "scopes": "search"
                }
            ]
        },
        "searchSPARQL": {
            "description": "SPARQL semantic search",
            "uriVariables": {
                "query": {
                    "title": "A valid SPARQL 1.1. query",
                    "type": "string"
                }
            },
            "safe": true,
            "idempotent": true,
            "forms": [
                {
                    "href": "/search/sparql?query={query}",
                    "htv:methodName": "GET",
                    "response": {
                        "description": "Success response",
                        "htv:statusCodeValue": 200
                    },
                    "additionalResponses": [
                        {
                            "description": "SPARQL query not provided or contains syntax errors",
                            "contentType": "application/problem+json",
                            "htv:statusCodeValue": 400
                        }
                    ],
                    "scopes": "search"
                },
                {
                    "href": "/search/sparql",
                    "htv:methodName": "POST",
                    "response": {
                        "description": "Success response",
                        "contentType": "application/json",
                        "htv:statusCodeValue": 200
                    },
                    "additionalResponses": [
                        {
                            "description": "SPARQL query not provided or contains syntax errors",
                            "contentType": "application/problem+json",
                            "htv:statusCodeValue": 400
                        }
                    ],
                    "scopes": "search"
                }
            ]
        }
    },
    "events": {
        "thingCreation": {
          "description": "Registration of Thing Descriptions inside the directory",
          "uriVariables": {
            "diff": {
                "description": "Receive the full created TD as event data",
                "type": "boolean"
            }
          },
          "data": {
            "title": "Partial/Full TD",
            "type": "object"
          },
          "forms": [
              {
                  "op": "subscribeevent",
                  "href": "/events/create{?diff}",
                  "subprotocol": "sse",
                  "contentType": "text/event-stream",
                  "htv:headers": [
                      {
                          "description": "ID of the last event for reconnection",
                          "htv:fieldName": "Last-Event-ID"
                      }
                  ],
                  "scopes": "notification"
              }
          ]
        },
        "thingUpdate": {
          "description": "Updates to Thing Descriptions within the directory",
          "uriVariables": {
            "diff": {
                "description": "Include TD changes inside event data",
                "type": "boolean"
            }
          },
          "data": {
            "title": "Partial TD",
            "type": "object",
            "contentMediaType": "application/merge-patch+json"
          },
          "forms": [
              {
                  "op": "subscribeevent",
                  "href": "/events/update{?diff}",
                  "subprotocol": "sse",
                  "contentType": "text/event-stream",
                  "htv:headers": [
                      {
                          "description": "ID of the last event for reconnection",
                          "htv:fieldName": "Last-Event-ID"
                      }
                  ],
                  "scopes": "notification"
              }
          ]
        },
        "thingDeletion": {
          "description": "Deletion of Thing Descriptions from the directory",
          "data": {
            "title": "Partial TD",
            "type": "object"
          },
          "forms": [
              {
                  "op": "subscribeevent",
                  "href": "/events/delete",
                  "subprotocol": "sse",
                  "contentType": "text/event-stream",
                  "htv:headers": [
                      {
                          "description": "ID of the last event for reconnection",
                          "htv:fieldName": "Last-Event-ID"
                      }
                  ],
                  "scopes": "notification"
              }
           ]
        }
    }
}